director	movie	year	rating	votes	cover	fcover
Akira Kurosawa	 Madadayo	 1993	 7.5	 3318	 http://ia.media-imdb.com/images/M/MV5BNDM3OTIyNDIwMV5BMl5BanBnXkFtZTcwODg2NjEyMQ@@._V1._SX91_SY140_.jpg	 http://ia.media-imdb.com/images/M/MV5BNDM3OTIyNDIwMV5BMl5BanBnXkFtZTcwODg2NjEyMQ@@.jpg
Akira Kurosawa	 Hachi-gatsu no kyôshikyoku	 1991	 7.3	 4630	 http://ia.media-imdb.com/images/M/MV5BMjE0ODQ0NTM4N15BMl5BanBnXkFtZTcwNDY0NzU2NA@@._V1._SX93_SY140_.jpg	 http://ia.media-imdb.com/images/M/MV5BMjE0ODQ0NTM4N15BMl5BanBnXkFtZTcwNDY0NzU2NA@@.jpg
Akira Kurosawa	 Dreams	 1990	 7.8	 17551	 http://ia.media-imdb.com/images/M/MV5BMTg0NTI0NjU1Ml5BMl5BanBnXkFtZTgwNjEzNDk4NjE@._V1._SX93_SY140_.jpg	 http://ia.media-imdb.com/images/M/MV5BMTg0NTI0NjU1Ml5BMl5BanBnXkFtZTgwNjEzNDk4NjE@.jpg
Akira Kurosawa	 Ran	 1985	 8.3	 72101	 http://ia.media-imdb.com/images/M/MV5BMjA0Nzg0NzUzNV5BMl5BanBnXkFtZTcwNzkzNjk3OA@@._V1._SX100_SY133_.jpg	 http://ia.media-imdb.com/images/M/MV5BMjA0Nzg0NzUzNV5BMl5BanBnXkFtZTcwNzkzNjk3OA@@.jpg
Akira Kurosawa	 Kagemusha	 1980	 8.0	 22399	 http://ia.media-imdb.com/images/M/MV5BMTU4NDc5Mjk5OF5BMl5BanBnXkFtZTcwMDkyNjcyMQ@@._V1._CR13,27,286,392._SX100_SY137_.jpg	 http://ia.media-imdb.com/images/M/MV5BMTU4NDc5Mjk5OF5BMl5BanBnXkFtZTcwMDkyNjcyMQ@@._V1._CR13,27,286,392._SX100_SY137_.jpg
Akira Kurosawa	 Dersu Uzala	 1975	 8.3	 16980	 http://ia.media-imdb.com/images/M/MV5BMTY3OTI5NTA2N15BMl5BanBnXkFtZTgwNjUxMDE2MTE@._V1._SX98_SY140_.jpg	 http://ia.media-imdb.com/images/M/MV5BMTY3OTI5NTA2N15BMl5BanBnXkFtZTgwNjUxMDE2MTE@.jpg
Akira Kurosawa	 Dodesukaden	 1970	 7.6	 4230	 http://ia.media-imdb.com/images/M/MV5BMjMyMzgyNDQ0NV5BMl5BanBnXkFtZTgwNzI4NTQzMjE@._V1._SX50_SY140_.jpg	 http://ia.media-imdb.com/images/M/MV5BMjMyMzgyNDQ0NV5BMl5BanBnXkFtZTgwNzI4NTQzMjE@.jpg
Akira Kurosawa	 Akahige	 1965	 8.3	 10758	 http://ia.media-imdb.com/images/M/MV5BMTU4NzAxMDM5M15BMl5BanBnXkFtZTYwMTI5NzA5._V1._SX99_SY140_.jpg	 http://ia.media-imdb.com/images/M/MV5BMTU4NzAxMDM5M15BMl5BanBnXkFtZTYwMTI5NzA5.jpg
Akira Kurosawa	 Tengoku to jigoku	 1963	 8.4	 17035	 http://ia.media-imdb.com/images/M/MV5BMTk4MTE4NTc5NF5BMl5BanBnXkFtZTYwOTcyMjU5._V1._CR0,40,331,434._SX100_SY131_.jpg	 http://ia.media-imdb.com/images/M/MV5BMTk4MTE4NTc5NF5BMl5BanBnXkFtZTYwOTcyMjU5._V1._CR0,40,331,434._SX100_SY131_.jpg
Akira Kurosawa	 Tsubaki Sanjûrô	 1962	 8.2	 18977	 http://ia.media-imdb.com/images/M/MV5BMTA0NjgyODM1NDFeQTJeQWpwZ15BbWU4MDM5OTg0MjYx._V1._SX93_SY140_.jpg	 http://ia.media-imdb.com/images/M/MV5BMTA0NjgyODM1NDFeQTJeQWpwZ15BbWU4MDM5OTg0MjYx.jpg
Akira Kurosawa	 Yôjinbô	 1961	 8.3	 68484	 http://ia.media-imdb.com/images/M/MV5BMjAwNTQ3ODUyMl5BMl5BanBnXkFtZTgwNDg5ODQyNjE@._V1._SX97_SY140_.jpg	 http://ia.media-imdb.com/images/M/MV5BMjAwNTQ3ODUyMl5BMl5BanBnXkFtZTgwNDg5ODQyNjE@.jpg
Akira Kurosawa	 Warui yatsu hodo yoku nemuru	 1960	 8.1	 6733	 http://ia.media-imdb.com/images/M/MV5BMjEwNDgxNDE0OF5BMl5BanBnXkFtZTcwMzkwMjkzMQ@@._V1._CR0,35,354,464._SX100_SY131_.jpg	 http://ia.media-imdb.com/images/M/MV5BMjEwNDgxNDE0OF5BMl5BanBnXkFtZTcwMzkwMjkzMQ@@._V1._CR0,35,354,464._SX100_SY131_.jpg
Akira Kurosawa	 Kakushi-toride no san-akunin	 1958	 8.1	 22572	 http://ia.media-imdb.com/images/M/MV5BMTUzMzI1OTU2OV5BMl5BanBnXkFtZTgwNjAwOTQyNjE@._V1._SX99_SY140_.jpg	 http://ia.media-imdb.com/images/M/MV5BMTUzMzI1OTU2OV5BMl5BanBnXkFtZTgwNjAwOTQyNjE@.jpg
Akira Kurosawa	 Donzoko	 1957	 7.5	 3229	 http://ia.media-imdb.com/images/M/MV5BMjA2ODExOTEwMF5BMl5BanBnXkFtZTgwMDQ5NTQ5MTE@._V1._SX98_SY140_.jpg	 http://ia.media-imdb.com/images/M/MV5BMjA2ODExOTEwMF5BMl5BanBnXkFtZTgwMDQ5NTQ5MTE@.jpg
Akira Kurosawa	 Kumonosu-jô	 1957	 8.2	 28167	 http://ia.media-imdb.com/images/M/MV5BMTM1MTk2NDIzOV5BMl5BanBnXkFtZTcwMTA5ODQxMQ@@._V1._SX99_SY140_.jpg	 http://ia.media-imdb.com/images/M/MV5BMTM1MTk2NDIzOV5BMl5BanBnXkFtZTcwMTA5ODQxMQ@@.jpg
Akira Kurosawa	 Ikimono no kiroku	 1955	 7.4	 2589	 http://ia.media-imdb.com/images/M/MV5BMTkyNjIyMjgxN15BMl5BanBnXkFtZTcwNjM0MjE2MQ@@._V1._SX99_SY140_.jpg	 http://ia.media-imdb.com/images/M/MV5BMTkyNjIyMjgxN15BMl5BanBnXkFtZTcwNjM0MjE2MQ@@.jpg
Akira Kurosawa	 Shichinin no samurai	 1954	 8.7	 214385	 http://ia.media-imdb.com/images/M/MV5BMTc5MDY1MjU5MF5BMl5BanBnXkFtZTgwNDM2OTE4MzE@._V1._SX100_SY140_.jpg	 http://ia.media-imdb.com/images/M/MV5BMTc5MDY1MjU5MF5BMl5BanBnXkFtZTgwNDM2OTE4MzE@.jpg
Akira Kurosawa	 Ikiru	 1952	 8.3	 38618	 http://ia.media-imdb.com/images/M/MV5BMTcyMDU0MTQzNV5BMl5BanBnXkFtZTcwOTk2NDQyMQ@@._V1._CR12,28,314,446._SX99_SY140_.jpg	 http://ia.media-imdb.com/images/M/MV5BMTcyMDU0MTQzNV5BMl5BanBnXkFtZTcwOTk2NDQyMQ@@._V1._CR12,28,314,446._SX99_SY140_.jpg
Akira Kurosawa	 Hakuchi	 1951	 7.4	 3082	 http://ia.media-imdb.com/images/M/MV5BMTkyNjIyMjgxN15BMl5BanBnXkFtZTcwNjM0MjE2MQ@@._V1._SX99_SY140_.jpg	 http://ia.media-imdb.com/images/M/MV5BMTkyNjIyMjgxN15BMl5BanBnXkFtZTcwNjM0MjE2MQ@@.jpg
Akira Kurosawa	 Rashômon	 1950	 8.3	 94770	 http://ia.media-imdb.com/images/M/MV5BMjEzMzA4NDE2OF5BMl5BanBnXkFtZTcwNTc5MDI2NQ@@._V1._CR0,0,503,683._SX100_SY136_.jpg	 http://ia.media-imdb.com/images/M/MV5BMjEzMzA4NDE2OF5BMl5BanBnXkFtZTcwNTc5MDI2NQ@@._V1._CR0,0,503,683._SX100_SY136_.jpg
Akira Kurosawa	 Shûbun	 1950	 7.4	 2165	 http://ia.media-imdb.com/images/M/MV5BMTkyNjIyMjgxN15BMl5BanBnXkFtZTcwNjM0MjE2MQ@@._V1._SX99_SY140_.jpg	 http://ia.media-imdb.com/images/M/MV5BMTkyNjIyMjgxN15BMl5BanBnXkFtZTcwNjM0MjE2MQ@@.jpg
Akira Kurosawa	 Nora inu	 1949	 7.9	 10410	 http://ia.media-imdb.com/images/M/MV5BMjE0ODQwMjA0MF5BMl5BanBnXkFtZTcwNzc3NDUyMQ@@._V1._CR0,30,361,469._SX100_SY130_.jpg	 http://ia.media-imdb.com/images/M/MV5BMjE0ODQwMjA0MF5BMl5BanBnXkFtZTcwNzc3NDUyMQ@@._V1._CR0,30,361,469._SX100_SY130_.jpg
Akira Kurosawa	 Shizukanaru kettô	 1949	 7.5	 1775	 http://ia.media-imdb.com/images/M/MV5BMTIxMDA1MjgzM15BMl5BanBnXkFtZTcwOTY5ODczMQ@@._V1._SX100_SY140_.jpg	 http://ia.media-imdb.com/images/M/MV5BMTIxMDA1MjgzM15BMl5BanBnXkFtZTcwOTY5ODczMQ@@.jpg
Akira Kurosawa	 Yoidore tenshi	 1948	 7.8	 6334	 http://ia.media-imdb.com/images/M/MV5BMTIwMzkyMDk0Ml5BMl5BanBnXkFtZTcwNzg5NjE1MQ@@._V1._SX100_SY140_.jpg	 http://ia.media-imdb.com/images/M/MV5BMTIwMzkyMDk0Ml5BMl5BanBnXkFtZTcwNzg5NjE1MQ@@.jpg
Akira Kurosawa	 Subarashiki nichiyôbi	 1947	 7.3	 1640	 http://ia.media-imdb.com/images/M/MV5BMTkyNjIyMjgxN15BMl5BanBnXkFtZTcwNjM0MjE2MQ@@._V1._SX99_SY140_.jpg	 http://ia.media-imdb.com/images/M/MV5BMTkyNjIyMjgxN15BMl5BanBnXkFtZTcwNjM0MjE2MQ@@.jpg
Akira Kurosawa	 Waga seishun ni kuinashi	 1946	 7.3	 1743	 http://ia.media-imdb.com/images/M/MV5BMTkyNjIyMjgxN15BMl5BanBnXkFtZTcwNjM0MjE2MQ@@._V1._SX99_SY140_.jpg	 http://ia.media-imdb.com/images/M/MV5BMTkyNjIyMjgxN15BMl5BanBnXkFtZTcwNjM0MjE2MQ@@.jpg
Akira Kurosawa	 Asu o tsukuru hitobito	 1946	 6.5	 110	 NA	 NA
Akira Kurosawa	 Tora no o wo fumu otokotachi	 1945	 6.9	 2215	 http://ia.media-imdb.com/images/M/MV5BMjIyOTUyNDQzMl5BMl5BanBnXkFtZTcwMzU1NzE1Mw@@._V1._SX100_SY140_.jpg	 http://ia.media-imdb.com/images/M/MV5BMjIyOTUyNDQzMl5BMl5BanBnXkFtZTcwMzU1NzE1Mw@@.jpg
Akira Kurosawa	 Zoku Sugata Sanshirô	 1945	 6.2	 1220	 http://ia.media-imdb.com/images/M/MV5BMjIyOTUyNDQzMl5BMl5BanBnXkFtZTcwMzU1NzE1Mw@@._V1._SX100_SY140_.jpg	 http://ia.media-imdb.com/images/M/MV5BMjIyOTUyNDQzMl5BMl5BanBnXkFtZTcwMzU1NzE1Mw@@.jpg
Akira Kurosawa	 Ichiban utsukushiku	 1944	 5.9	 1021	 http://ia.media-imdb.com/images/M/MV5BMjIyOTUyNDQzMl5BMl5BanBnXkFtZTcwMzU1NzE1Mw@@._V1._SX100_SY140_.jpg	 http://ia.media-imdb.com/images/M/MV5BMjIyOTUyNDQzMl5BMl5BanBnXkFtZTcwMzU1NzE1Mw@@.jpg
Akira Kurosawa	 Sugata Sanshirô	 1943	 6.9	 2897	 http://ia.media-imdb.com/images/M/MV5BMjIyOTUyNDQzMl5BMl5BanBnXkFtZTcwMzU1NzE1Mw@@._V1._SX100_SY140_.jpg	 http://ia.media-imdb.com/images/M/MV5BMjIyOTUyNDQzMl5BMl5BanBnXkFtZTcwMzU1NzE1Mw@@.jpg
Akira Kurosawa	 Uma	 1941	 6.9	 88	 NA	 NA
Alfred Hitchcock	 Family Plot	 1976	 6.8	 14576	 http://ia.media-imdb.com/images/M/MV5BMTMyMDYwOTgzMV5BMl5BanBnXkFtZTcwNjA2NTEwNA@@._V1._SX92_SY140_.jpg	 http://ia.media-imdb.com/images/M/MV5BMTMyMDYwOTgzMV5BMl5BanBnXkFtZTcwNjA2NTEwNA@@.jpg
Alfred Hitchcock	 Frenzy	 1972	 7.5	 29367	 http://ia.media-imdb.com/images/M/MV5BMjM1NDA2Njc2NF5BMl5BanBnXkFtZTgwODUxMDY0MTE@._V1._SX99_SY140_.jpg	 http://ia.media-imdb.com/images/M/MV5BMjM1NDA2Njc2NF5BMl5BanBnXkFtZTgwODUxMDY0MTE@.jpg
Alfred Hitchcock	 Topaz	 1969	 6.3	 12107	 http://ia.media-imdb.com/images/M/MV5BMTUzODYxMzk3Nl5BMl5BanBnXkFtZTcwNTM5NTIwNA@@._V1._SX90_SY140_.jpg	 http://ia.media-imdb.com/images/M/MV5BMTUzODYxMzk3Nl5BMl5BanBnXkFtZTcwNTM5NTIwNA@@.jpg
Alfred Hitchcock	 Torn Curtain	 1966	 6.7	 17765	 http://ia.media-imdb.com/images/M/MV5BMTMwMDA0OTg1NV5BMl5BanBnXkFtZTcwNTA2NTEwNA@@._V1._SX91_SY140_.jpg	 http://ia.media-imdb.com/images/M/MV5BMTMwMDA0OTg1NV5BMl5BanBnXkFtZTcwNTA2NTEwNA@@.jpg
Alfred Hitchcock	 Marnie	 1964	 7.2	 32176	 http://ia.media-imdb.com/images/M/MV5BMTk0MzExMzU4MV5BMl5BanBnXkFtZTgwMDQ3NTIzMTE@._V1._SX93_SY140_.jpg	 http://ia.media-imdb.com/images/M/MV5BMTk0MzExMzU4MV5BMl5BanBnXkFtZTgwMDQ3NTIzMTE@.jpg
Alfred Hitchcock	 The Birds	 1963	 7.8	 120894	 http://ia.media-imdb.com/images/M/MV5BMTAxNDA1ODc5MDleQTJeQWpwZ15BbWU4MDg2MDA4OTEx._V1._SX91_SY140_.jpg	 http://ia.media-imdb.com/images/M/MV5BMTAxNDA1ODc5MDleQTJeQWpwZ15BbWU4MDg2MDA4OTEx.jpg
Alfred Hitchcock	 Psycho	 1960	 8.5	 390196	 http://ia.media-imdb.com/images/M/MV5BMTgzMzM3NDY0NF5BMl5BanBnXkFtZTgwNDgwNDgwNzE@._V1._SX91_SY140_.jpg	 http://ia.media-imdb.com/images/M/MV5BMTgzMzM3NDY0NF5BMl5BanBnXkFtZTgwNDgwNDgwNzE@.jpg
Alfred Hitchcock	 North by Northwest	 1959	 8.4	 206538	 http://ia.media-imdb.com/images/M/MV5BMjQwMTQ0MzgwNl5BMl5BanBnXkFtZTgwNjc4ODE4MzE@._V1._SX89_SY140_.jpg	 http://ia.media-imdb.com/images/M/MV5BMjQwMTQ0MzgwNl5BMl5BanBnXkFtZTgwNjc4ODE4MzE@.jpg
Alfred Hitchcock	 Vertigo	 1958	 8.4	 229008	 http://ia.media-imdb.com/images/M/MV5BNzY0NzQyNzQzOF5BMl5BanBnXkFtZTcwMTgwNTk4OQ@@._V1._SX93_SY140_.jpg	 http://ia.media-imdb.com/images/M/MV5BNzY0NzQyNzQzOF5BMl5BanBnXkFtZTcwMTgwNTk4OQ@@.jpg
Alfred Hitchcock	 The Wrong Man	 1956	 7.5	 17529	 http://ia.media-imdb.com/images/M/MV5BOTk3OTEyNjY0N15BMl5BanBnXkFtZTgwMzgzMTQzMTE@._V1._SX99_SY140_.jpg	 http://ia.media-imdb.com/images/M/MV5BOTk3OTEyNjY0N15BMl5BanBnXkFtZTgwMzgzMTQzMTE@.jpg
Alfred Hitchcock	 The Man Who Knew Too Much	 1956	 7.5	 39663	 http://ia.media-imdb.com/images/M/MV5BMjI1NDIzNjc3N15BMl5BanBnXkFtZTcwMjE5ODEwNA@@._V1._SX91_SY140_.jpg	 http://ia.media-imdb.com/images/M/MV5BMjI1NDIzNjc3N15BMl5BanBnXkFtZTcwMjE5ODEwNA@@.jpg
Alfred Hitchcock	 The Trouble with Harry	 1955	 7.2	 23549	 http://ia.media-imdb.com/images/M/MV5BMTQxNzgyODg5OF5BMl5BanBnXkFtZTYwMjI4ODQ2._V1._SX93_SY140_.jpg	 http://ia.media-imdb.com/images/M/MV5BMTQxNzgyODg5OF5BMl5BanBnXkFtZTYwMjI4ODQ2.jpg
Alfred Hitchcock	 To Catch a Thief	 1955	 7.5	 43114	 http://ia.media-imdb.com/images/M/MV5BMTQ4MTkxODI5MF5BMl5BanBnXkFtZTgwNjM2OTQ3MTE@._V1._CR399,132,2606,4029._SX91_SY140_.jpg	 http://ia.media-imdb.com/images/M/MV5BMTQ4MTkxODI5MF5BMl5BanBnXkFtZTgwNjM2OTQ3MTE@._V1._CR399,132,2606,4029._SX91_SY140_.jpg
Alfred Hitchcock	 Rear Window	 1954	 8.5	 293083	 http://ia.media-imdb.com/images/M/MV5BMTg5MjM4NzEwOF5BMl5BanBnXkFtZTgwMDE1NjM0MTE@._V1._SX96_SY140_.jpg	 http://ia.media-imdb.com/images/M/MV5BMTg5MjM4NzEwOF5BMl5BanBnXkFtZTgwMDE1NjM0MTE@.jpg
Alfred Hitchcock	 Dial M for Murder	 1954	 8.2	 97303	 http://ia.media-imdb.com/images/M/MV5BMTMwNzc1MzM2M15BMl5BanBnXkFtZTYwNDUxNDU2._V1._SX89_SY140_.jpg	 http://ia.media-imdb.com/images/M/MV5BMTMwNzc1MzM2M15BMl5BanBnXkFtZTYwNDUxNDU2.jpg
Alfred Hitchcock	 I Confess	 1953	 7.3	 13704	 http://ia.media-imdb.com/images/M/MV5BMTY5NTIzODM3Ml5BMl5BanBnXkFtZTcwNDc1MzYyMQ@@._V1._CR17,24,295,376._SX100_SY127_.jpg	 http://ia.media-imdb.com/images/M/MV5BMTY5NTIzODM3Ml5BMl5BanBnXkFtZTcwNDc1MzYyMQ@@._V1._CR17,24,295,376._SX100_SY127_.jpg
Alfred Hitchcock	 Strangers on a Train	 1951	 8.1	 88929	 http://ia.media-imdb.com/images/M/MV5BMTcwNzk0MTQxMF5BMl5BanBnXkFtZTcwNjM5NTIwNA@@._V1._SX85_SY140_.jpg	 http://ia.media-imdb.com/images/M/MV5BMTcwNzk0MTQxMF5BMl5BanBnXkFtZTcwNjM5NTIwNA@@.jpg
Alfred Hitchcock	 Stage Fright	 1950	 7.1	 8873	 http://ia.media-imdb.com/images/M/MV5BODk3ODkyNzU2MV5BMl5BanBnXkFtZTcwOTM2MTAyMQ@@._V1._SX89_SY140_.jpg	 http://ia.media-imdb.com/images/M/MV5BODk3ODkyNzU2MV5BMl5BanBnXkFtZTcwOTM2MTAyMQ@@.jpg
Alfred Hitchcock	 Under Capricorn	 1949	 6.2	 4443	 http://ia.media-imdb.com/images/M/MV5BMjQxMTY0ODc0OF5BMl5BanBnXkFtZTYwMzU5NzM5._V1._CR18,96,256,365._SX98_SY140_.jpg	 http://ia.media-imdb.com/images/M/MV5BMjQxMTY0ODc0OF5BMl5BanBnXkFtZTYwMzU5NzM5._V1._CR18,96,256,365._SX98_SY140_.jpg
Alfred Hitchcock	 Rope	 1948	 8.0	 90612	 http://ia.media-imdb.com/images/M/MV5BMjE2NjM0MzEwNV5BMl5BanBnXkFtZTYwODkxNDU2._V1._SX93_SY140_.jpg	 http://ia.media-imdb.com/images/M/MV5BMjE2NjM0MzEwNV5BMl5BanBnXkFtZTYwODkxNDU2.jpg
Alfred Hitchcock	 The Paradine Case	 1947	 6.5	 7187	 http://ia.media-imdb.com/images/M/MV5BMTQ3NDI0NzA4M15BMl5BanBnXkFtZTYwOTU0NTA5._V1._CR1,42,260,431._SX84_SY140_.jpg	 http://ia.media-imdb.com/images/M/MV5BMTQ3NDI0NzA4M15BMl5BanBnXkFtZTYwOTU0NTA5._V1._CR1,42,260,431._SX84_SY140_.jpg
Alfred Hitchcock	 Notorious	 1946	 8.1	 69413	 http://ia.media-imdb.com/images/M/MV5BMTY3NTAwMjk5OV5BMl5BanBnXkFtZTgwNDU5OTQzMTE@._V1._SX92_SY140_.jpg	 http://ia.media-imdb.com/images/M/MV5BMTY3NTAwMjk5OV5BMl5BanBnXkFtZTgwNDU5OTQzMTE@.jpg
Alfred Hitchcock	 Spellbound	 1945	 7.7	 31293	 http://ia.media-imdb.com/images/M/MV5BMTM2NDI5Nzg5Nl5BMl5BanBnXkFtZTcwNDk3NzI0NA@@._V1._SX93_SY140_.jpg	 http://ia.media-imdb.com/images/M/MV5BMTM2NDI5Nzg5Nl5BMl5BanBnXkFtZTcwNDk3NzI0NA@@.jpg
Alfred Hitchcock	 Lifeboat	 1944	 7.8	 19313	 http://ia.media-imdb.com/images/M/MV5BMjAxNzQ3NjM2Ml5BMl5BanBnXkFtZTgwNzQzNDk0MjE@._V1._SX94_SY140_.jpg	 http://ia.media-imdb.com/images/M/MV5BMjAxNzQ3NjM2Ml5BMl5BanBnXkFtZTgwNzQzNDk0MjE@.jpg
Alfred Hitchcock	 Shadow of a Doubt	 1943	 8.0	 43173	 http://ia.media-imdb.com/images/M/MV5BMTYwNzk3MjcxMl5BMl5BanBnXkFtZTgwNzIzOTU0MjE@._V1._SX92_SY140_.jpg	 http://ia.media-imdb.com/images/M/MV5BMTYwNzk3MjcxMl5BMl5BanBnXkFtZTgwNzIzOTU0MjE@.jpg
Alfred Hitchcock	 Saboteur	 1942	 7.2	 16568	 http://ia.media-imdb.com/images/M/MV5BMTk2MzE5MTAyNF5BMl5BanBnXkFtZTcwNTY1MjkyMw@@._V1._SX96_SY140_.jpg	 http://ia.media-imdb.com/images/M/MV5BMTk2MzE5MTAyNF5BMl5BanBnXkFtZTcwNTY1MjkyMw@@.jpg
Alfred Hitchcock	 Suspicion	 1941	 7.5	 22323	 http://ia.media-imdb.com/images/M/MV5BNTQwNTQzMDEyNl5BMl5BanBnXkFtZTYwNjQ3ODQ2._V1._SX91_SY140_.jpg	 http://ia.media-imdb.com/images/M/MV5BNTQwNTQzMDEyNl5BMl5BanBnXkFtZTYwNjQ3ODQ2.jpg
Alfred Hitchcock	 Mr. & Mrs. Smith	 1941	 6.5	 6836	 http://ia.media-imdb.com/images/M/MV5BNjU4OTI0NTIwNV5BMl5BanBnXkFtZTgwMzA3ODgwMzE@._V1._CR2,44,340,455._SX100_SY134_.jpg	 http://ia.media-imdb.com/images/M/MV5BNjU4OTI0NTIwNV5BMl5BanBnXkFtZTgwMzA3ODgwMzE@._V1._CR2,44,340,455._SX100_SY134_.jpg
Alfred Hitchcock	 Foreign Correspondent	 1940	 7.6	 12883	 http://ia.media-imdb.com/images/M/MV5BMTQ0NjQ1ODg2MV5BMl5BanBnXkFtZTgwMjA5ODgwMzE@._V1._SX96_SY140_.jpg	 http://ia.media-imdb.com/images/M/MV5BMTQ0NjQ1ODg2MV5BMl5BanBnXkFtZTgwMjA5ODgwMzE@.jpg
Alfred Hitchcock	 Rebecca	 1940	 8.2	 81558	 http://ia.media-imdb.com/images/M/MV5BMTM5ODA4ODMzM15BMl5BanBnXkFtZTcwOTA2NTEwNA@@._V1._CR9,22,314,458._SX96_SY140_.jpg	 http://ia.media-imdb.com/images/M/MV5BMTM5ODA4ODMzM15BMl5BanBnXkFtZTcwOTA2NTEwNA@@._V1._CR9,22,314,458._SX96_SY140_.jpg
Alfred Hitchcock	 Jamaica Inn	 1939	 6.3	 6109	 http://ia.media-imdb.com/images/M/MV5BNTE3MDkwMjYzNl5BMl5BanBnXkFtZTgwMDU2NjA4MzE@._V1._SX94_SY140_.jpg	 http://ia.media-imdb.com/images/M/MV5BNTE3MDkwMjYzNl5BMl5BanBnXkFtZTgwMDU2NjA4MzE@.jpg
Alfred Hitchcock	 The Lady Vanishes	 1938	 8.0	 34266	 http://ia.media-imdb.com/images/M/MV5BMzU4NjExMzY1NV5BMl5BanBnXkFtZTgwMTAxMDY0MjE@._V1._SX95_SY140_.jpg	 http://ia.media-imdb.com/images/M/MV5BMzU4NjExMzY1NV5BMl5BanBnXkFtZTgwMTAxMDY0MjE@.jpg
Alfred Hitchcock	 Young and Innocent	 1937	 7.0	 6179	 http://ia.media-imdb.com/images/M/MV5BMTQ1OTcxMTUwNV5BMl5BanBnXkFtZTcwNDAwMDc1NQ@@._V1._CR44,41,268,404._SX93_SY140_.jpg	 http://ia.media-imdb.com/images/M/MV5BMTQ1OTcxMTUwNV5BMl5BanBnXkFtZTcwNDAwMDc1NQ@@._V1._CR44,41,268,404._SX93_SY140_.jpg
Alfred Hitchcock	 Sabotage	 1936	 7.1	 10438	 http://ia.media-imdb.com/images/M/MV5BMTU3MDAwODU2MV5BMl5BanBnXkFtZTgwNTEzMTE4MzE@._V1._SX99_SY140_.jpg	 http://ia.media-imdb.com/images/M/MV5BMTU3MDAwODU2MV5BMl5BanBnXkFtZTgwNTEzMTE4MzE@.jpg
Alfred Hitchcock	 Secret Agent	 1936	 6.6	 5823	 http://ia.media-imdb.com/images/M/MV5BMTQxMjI1MjE1NV5BMl5BanBnXkFtZTgwOTIzNTQ1MjE@._V1._SX95_SY140_.jpg	 http://ia.media-imdb.com/images/M/MV5BMTQxMjI1MjE1NV5BMl5BanBnXkFtZTgwOTIzNTQ1MjE@.jpg
Alfred Hitchcock	 The 39 Steps	 1935	 7.8	 38257	 http://ia.media-imdb.com/images/M/MV5BMTY5ODAzMTcwOF5BMl5BanBnXkFtZTcwMzYxNDYyNA@@._V1._SX94_SY140_.jpg	 http://ia.media-imdb.com/images/M/MV5BMTY5ODAzMTcwOF5BMl5BanBnXkFtZTcwMzYxNDYyNA@@.jpg
Alfred Hitchcock	 The Man Who Knew Too Much	 1934	 6.9	 12027	 http://ia.media-imdb.com/images/M/MV5BMTg5MDQ4NDUyM15BMl5BanBnXkFtZTgwNDkzNjY3MzE@._V1._SX94_SY140_.jpg	 http://ia.media-imdb.com/images/M/MV5BMTg5MDQ4NDUyM15BMl5BanBnXkFtZTgwNDkzNjY3MzE@.jpg
Alfred Hitchcock	 Waltzes from Vienna	 1934	 6.1	 753	 http://ia.media-imdb.com/images/M/MV5BMTYwMzgwMzM5MV5BMl5BanBnXkFtZTgwMzkzNjA1MjE@._V1._SX100_SY131_.jpg	 http://ia.media-imdb.com/images/M/MV5BMTYwMzgwMzM5MV5BMl5BanBnXkFtZTgwMzkzNjA1MjE@.jpg
Alfred Hitchcock	 Number Seventeen	 1932	 5.9	 3354	 http://ia.media-imdb.com/images/M/MV5BMzY5NjgyODU5NV5BMl5BanBnXkFtZTgwNTExNzA1MjE@._V1._SX100_SY138_.jpg	 http://ia.media-imdb.com/images/M/MV5BMzY5NjgyODU5NV5BMl5BanBnXkFtZTgwNTExNzA1MjE@.jpg
Alfred Hitchcock	 Rich and Strange	 1931	 5.9	 2926	 http://ia.media-imdb.com/images/M/MV5BMTUzNDU2Mzk2NV5BMl5BanBnXkFtZTgwMDMyMDU4MTE@._V1._SX99_SY140_.jpg	 http://ia.media-imdb.com/images/M/MV5BMTUzNDU2Mzk2NV5BMl5BanBnXkFtZTgwMDMyMDU4MTE@.jpg
Alfred Hitchcock	 Mary	 1931	 6.0	 370	 NA	 NA
Alfred Hitchcock	 The Skin Game	 1931	 5.8	 1987	 http://ia.media-imdb.com/images/M/MV5BMTQ5MjcwNzI4N15BMl5BanBnXkFtZTgwODQ2NjA4MzE@._V1._SX100_SY140_.jpg	 http://ia.media-imdb.com/images/M/MV5BMTQ5MjcwNzI4N15BMl5BanBnXkFtZTgwODQ2NjA4MzE@.jpg
Alfred Hitchcock	 Murder!	 1930	 6.4	 3993	 http://ia.media-imdb.com/images/M/MV5BMjg3MDEzODY1NF5BMl5BanBnXkFtZTgwNDUzOTU0MjE@._V1._SX99_SY140_.jpg	 http://ia.media-imdb.com/images/M/MV5BMjg3MDEzODY1NF5BMl5BanBnXkFtZTgwNDUzOTU0MjE@.jpg
Alfred Hitchcock	 Elstree Calling	 1930	 5.8	 207	 http://ia.media-imdb.com/images/M/MV5BMjEyNzE3MzM4NV5BMl5BanBnXkFtZTcwOTk5OTY1NQ@@._V1._CR40,43,276,400._SX97_SY140_.jpg	 http://ia.media-imdb.com/images/M/MV5BMjEyNzE3MzM4NV5BMl5BanBnXkFtZTcwOTk5OTY1NQ@@._V1._CR40,43,276,400._SX97_SY140_.jpg
Alfred Hitchcock	 Juno and the Paycock	 1929	 4.8	 1496	 http://ia.media-imdb.com/images/M/MV5BMjEzOTcwMjYzMF5BMl5BanBnXkFtZTcwNDgxODUyMQ@@._V1._SX76_SY140_.jpg	 http://ia.media-imdb.com/images/M/MV5BMjEzOTcwMjYzMF5BMl5BanBnXkFtZTcwNDgxODUyMQ@@.jpg
Alfred Hitchcock	 Blackmail	 1929	 7.0	 6835	 http://ia.media-imdb.com/images/M/MV5BMjMxMDQzODI1M15BMl5BanBnXkFtZTgwNDgzNjYzMjE@._V1._SX100_SY129_.jpg	 http://ia.media-imdb.com/images/M/MV5BMjMxMDQzODI1M15BMl5BanBnXkFtZTgwNDgzNjYzMjE@.jpg
Alfred Hitchcock	 The Manxman	 1929	 6.3	 1740	 http://ia.media-imdb.com/images/M/MV5BOTg2MDQ0MDA1Nl5BMl5BanBnXkFtZTgwNjU5MDE1NTE@._V1._SX97_SY140_.jpg	 http://ia.media-imdb.com/images/M/MV5BOTg2MDQ0MDA1Nl5BMl5BanBnXkFtZTgwNjU5MDE1NTE@.jpg
Alfred Hitchcock	 Champagne	 1928	 5.7	 1314	 http://ia.media-imdb.com/images/M/MV5BMjI4MDcwMTc5OF5BMl5BanBnXkFtZTgwMDQ3NTIwMjE@._V1._SX100_SY130_.jpg	 http://ia.media-imdb.com/images/M/MV5BMjI4MDcwMTc5OF5BMl5BanBnXkFtZTgwMDQ3NTIwMjE@.jpg
Alfred Hitchcock	 Easy Virtue	 1928	 5.7	 1786	 http://ia.media-imdb.com/images/M/MV5BMTk1MjMxNjU3Nl5BMl5BanBnXkFtZTgwNzg5NzgwMzE@._V1._SX96_SY140_.jpg	 http://ia.media-imdb.com/images/M/MV5BMTk1MjMxNjU3Nl5BMl5BanBnXkFtZTgwNzg5NzgwMzE@.jpg
Alfred Hitchcock	 The Farmer's Wife	 1928	 6.1	 1681	 http://ia.media-imdb.com/images/M/MV5BMTkzNzkxNDM3MV5BMl5BanBnXkFtZTcwNTk5OTY1NQ@@._V1._CR32,39,292,407._SX100_SY139_.jpg	 http://ia.media-imdb.com/images/M/MV5BMTkzNzkxNDM3MV5BMl5BanBnXkFtZTcwNTk5OTY1NQ@@._V1._CR32,39,292,407._SX100_SY139_.jpg
Alfred Hitchcock	 Downhill	 1927	 6.2	 1156	 http://ia.media-imdb.com/images/M/MV5BMTY0OTI5NzQyM15BMl5BanBnXkFtZTgwNzExNzA1MjE@._V1._SX93_SY140_.jpg	 http://ia.media-imdb.com/images/M/MV5BMTY0OTI5NzQyM15BMl5BanBnXkFtZTgwNzExNzA1MjE@.jpg
Alfred Hitchcock	 The Ring	 1927	 6.3	 2179	 http://ia.media-imdb.com/images/M/MV5BMTMxNTQyMTY4MF5BMl5BanBnXkFtZTcwNjY5OTY1NQ@@._V1._CR97.88333129882812,40.53334045410156,159,404._SX55_SY140_.jpg	 http://ia.media-imdb.com/images/M/MV5BMTMxNTQyMTY4MF5BMl5BanBnXkFtZTcwNjY5OTY1NQ@@._V1._CR97.88333129882812,40.53334045410156,159,404._SX55_SY140_.jpg
Alfred Hitchcock	 The Lodger: A Story of the London Fog	 1927	 7.3	 6419	 http://ia.media-imdb.com/images/M/MV5BMTM5NjE0MDIxMF5BMl5BanBnXkFtZTcwMTk5OTY1NQ@@._V1._CR47.883331298828125,38.53334045410156,262,408._SX90_SY140_.jpg	 http://ia.media-imdb.com/images/M/MV5BMTM5NjE0MDIxMF5BMl5BanBnXkFtZTcwMTk5OTY1NQ@@._V1._CR47.883331298828125,38.53334045410156,262,408._SX90_SY140_.jpg
Alfred Hitchcock	 The Mountain Eagle	 1926	 NA	 NA	 NA	 NA
Alfred Hitchcock	 The Pleasure Garden	 1925	 6.0	 1307	 http://ia.media-imdb.com/images/M/MV5BOTc5MzUzOTAxOV5BMl5BanBnXkFtZTgwNTQ0NzY2MjE@._V1._SX95_SY140_.jpg	 http://ia.media-imdb.com/images/M/MV5BOTc5MzUzOTAxOV5BMl5BanBnXkFtZTgwNTQ0NzY2MjE@.jpg
Alfred Hitchcock	 Number 13	 1922	 NA	 NA	 NA	 NA
Ingmar Bergman	 Fanny och Alexander	 1982	 8.1	 39884	 http://ia.media-imdb.com/images/M/MV5BOTUyODUwNjc0NV5BMl5BanBnXkFtZTcwMTk0MTcyMQ@@._V1._SX100_SY140_.jpg	 http://ia.media-imdb.com/images/M/MV5BOTUyODUwNjc0NV5BMl5BanBnXkFtZTcwMTk0MTcyMQ@@.jpg
Ingmar Bergman	 Höstsonaten	 1978	 8.3	 14409	 http://ia.media-imdb.com/images/M/MV5BNTMzMTQyOTUxMF5BMl5BanBnXkFtZTcwMzE5NDkxMQ@@._V1._CR17,31,307,442._SX97_SY140_.jpg	 http://ia.media-imdb.com/images/M/MV5BNTMzMTQyOTUxMF5BMl5BanBnXkFtZTcwMzE5NDkxMQ@@._V1._CR17,31,307,442._SX97_SY140_.jpg
Ingmar Bergman	 Das Schlangenei	 1977	 6.7	 3580	 http://ia.media-imdb.com/images/M/MV5BMTYyNzA2MTc3Ml5BMl5BanBnXkFtZTcwMzk1NTYyMQ@@._V1._SX99_SY140_.jpg	 http://ia.media-imdb.com/images/M/MV5BMTYyNzA2MTc3Ml5BMl5BanBnXkFtZTcwMzk1NTYyMQ@@.jpg
Ingmar Bergman	 Ansikte mot ansikte	 1976	 7.7	 3245	 http://ia.media-imdb.com/images/M/MV5BMTcyODQ4Mjg1OF5BMl5BanBnXkFtZTYwNTgxMzk5._V1._SX93_SY140_.jpg	 http://ia.media-imdb.com/images/M/MV5BMTcyODQ4Mjg1OF5BMl5BanBnXkFtZTYwNTgxMzk5.jpg
Ingmar Bergman	 Viskningar och rop	 1972	 8.2	 18811	 http://ia.media-imdb.com/images/M/MV5BMTk4MDExOTY4Ml5BMl5BanBnXkFtZTgwNzMxOTc0MTE@._V1._SX93_SY140_.jpg	 http://ia.media-imdb.com/images/M/MV5BMTk4MDExOTY4Ml5BMl5BanBnXkFtZTgwNzMxOTc0MTE@.jpg
Ingmar Bergman	 Beröringen	 1971	 6.4	 683	 NA	 NA
Ingmar Bergman	 En passion	 1969	 7.8	 5597	 http://ia.media-imdb.com/images/M/MV5BMTUxMDg3NDA2OF5BMl5BanBnXkFtZTcwNjA5OTQ2NA@@._V1._CR10,5,313,484._SX91_SY140_.jpg	 http://ia.media-imdb.com/images/M/MV5BMTUxMDg3NDA2OF5BMl5BanBnXkFtZTcwNjA5OTQ2NA@@._V1._CR10,5,313,484._SX91_SY140_.jpg
Ingmar Bergman	 Skammen	 1968	 8.1	 7536	 http://ia.media-imdb.com/images/M/MV5BMTc5NzIwMzA0NV5BMl5BanBnXkFtZTYwMjU5NDE5._V1._CR0,50,258,424._SX85_SY140_.jpg	 http://ia.media-imdb.com/images/M/MV5BMTc5NzIwMzA0NV5BMl5BanBnXkFtZTYwMjU5NDE5._V1._CR0,50,258,424._SX85_SY140_.jpg
Ingmar Bergman	 Vargtimmen	 1968	 7.7	 11686	 http://ia.media-imdb.com/images/M/MV5BMTcwNTkxOTcxMV5BMl5BanBnXkFtZTgwNjI4Nzc1MzE@._V1._SX100_SY140_.jpg	 http://ia.media-imdb.com/images/M/MV5BMTcwNTkxOTcxMV5BMl5BanBnXkFtZTgwNjI4Nzc1MzE@.jpg
Ingmar Bergman	 Stimulantia	 1967	 6.3	 118	 NA	 NA
Ingmar Bergman	 Persona	 1966	 8.2	 55703	 http://ia.media-imdb.com/images/M/MV5BMTc1OTgxNjYyNF5BMl5BanBnXkFtZTcwNjM2MjM2NQ@@._V1._SX89_SY140_.jpg	 http://ia.media-imdb.com/images/M/MV5BMTc1OTgxNjYyNF5BMl5BanBnXkFtZTcwNjM2MjM2NQ@@.jpg
Ingmar Bergman	 För att inte tala om alla dessa kvinnor	 1964	 5.7	 1164	 http://ia.media-imdb.com/images/M/MV5BMTIxOTM2MjQyNV5BMl5BanBnXkFtZTcwMzI3MDYyMQ@@._V1._SX96_SY140_.jpg	 http://ia.media-imdb.com/images/M/MV5BMTIxOTM2MjQyNV5BMl5BanBnXkFtZTcwMzI3MDYyMQ@@.jpg
Ingmar Bergman	 Tystnaden	 1963	 8.1	 11525	 http://ia.media-imdb.com/images/M/MV5BMTM5Mjg1MjUxMl5BMl5BanBnXkFtZTgwNDQ0NjcxMTE@._V1._SX99_SY140_.jpg	 http://ia.media-imdb.com/images/M/MV5BMTM5Mjg1MjUxMl5BMl5BanBnXkFtZTgwNDQ0NjcxMTE@.jpg
Ingmar Bergman	 Nattvardsgästerna	 1963	 8.1	 13155	 http://ia.media-imdb.com/images/M/MV5BMTUzODQ4NjI3M15BMl5BanBnXkFtZTcwMTUyMDEyOA@@._V1._SX100_SY71_.jpg	 http://ia.media-imdb.com/images/M/MV5BMTUzODQ4NjI3M15BMl5BanBnXkFtZTcwMTUyMDEyOA@@.jpg
Ingmar Bergman	 Såsom i en spegel	 1961	 8.1	 14229	 http://ia.media-imdb.com/images/M/MV5BMTgwNTI4MDYxOV5BMl5BanBnXkFtZTgwMzI5MDkwMzE@._V1._CR1,44,338,454._SX100_SY134_.jpg	 http://ia.media-imdb.com/images/M/MV5BMTgwNTI4MDYxOV5BMl5BanBnXkFtZTgwMzI5MDkwMzE@._V1._CR1,44,338,454._SX100_SY134_.jpg
Ingmar Bergman	 Djävulens öga	 1960	 7.2	 2278	 http://ia.media-imdb.com/images/M/MV5BMTI0Mjc0ODUyMV5BMl5BanBnXkFtZTcwMTgxOTMyMQ@@._V1._SX77_SY140_.jpg	 http://ia.media-imdb.com/images/M/MV5BMTI0Mjc0ODUyMV5BMl5BanBnXkFtZTcwMTgxOTMyMQ@@.jpg
Ingmar Bergman	 Jungfrukällan	 1960	 8.1	 17914	 http://ia.media-imdb.com/images/M/MV5BMTI1MjQ3MjMwMF5BMl5BanBnXkFtZTcwNDQ3MDkzMQ@@._V1._SX100_SY140_.jpg	 http://ia.media-imdb.com/images/M/MV5BMTI1MjQ3MjMwMF5BMl5BanBnXkFtZTcwNDQ3MDkzMQ@@.jpg
Ingmar Bergman	 Ansiktet	 1958	 7.8	 5936	 http://ia.media-imdb.com/images/M/MV5BMTMzNjcwNDkxNF5BMl5BanBnXkFtZTcwNTM2NzY5Mw@@._V1._SX99_SY140_.jpg	 http://ia.media-imdb.com/images/M/MV5BMTMzNjcwNDkxNF5BMl5BanBnXkFtZTcwNTM2NzY5Mw@@.jpg
Ingmar Bergman	 Nära livet	 1958	 7.7	 1380	 http://ia.media-imdb.com/images/M/MV5BMTk5Nzc4OTU0N15BMl5BanBnXkFtZTgwNzIxNDg5MTE@._V1._SX100_SY71_.jpg	 http://ia.media-imdb.com/images/M/MV5BMTk5Nzc4OTU0N15BMl5BanBnXkFtZTgwNzIxNDg5MTE@.jpg
Ingmar Bergman	 Smultronstället	 1957	 8.3	 58550	 http://ia.media-imdb.com/images/M/MV5BMjgwNjI3NTM1MF5BMl5BanBnXkFtZTgwNzY3MTUyMjE@._V1._SX96_SY140_.jpg	 http://ia.media-imdb.com/images/M/MV5BMjgwNjI3NTM1MF5BMl5BanBnXkFtZTgwNzY3MTUyMjE@.jpg
Ingmar Bergman	 Det sjunde inseglet	 1957	 8.2	 103609	 http://ia.media-imdb.com/images/M/MV5BMTUzODUyNjkxM15BMl5BanBnXkFtZTcwODA5MTM1Mg@@._V1._SX99_SY140_.jpg	 http://ia.media-imdb.com/images/M/MV5BMTUzODUyNjkxM15BMl5BanBnXkFtZTcwODA5MTM1Mg@@.jpg
Ingmar Bergman	 Sommarnattens leende	 1955	 8.0	 8642	 http://ia.media-imdb.com/images/M/MV5BMjEzNjQzNTA3NF5BMl5BanBnXkFtZTcwMzE4MzUyMQ@@._V1._SX100_SY140_.jpg	 http://ia.media-imdb.com/images/M/MV5BMjEzNjQzNTA3NF5BMl5BanBnXkFtZTcwMzE4MzUyMQ@@.jpg
Ingmar Bergman	 Kvinnodröm	 1955	 7.2	 1496	 http://ia.media-imdb.com/images/M/MV5BMTI1NDUzNDUzNF5BMl5BanBnXkFtZTcwMjkzNDMyMQ@@._V1._SX77_SY140_.jpg	 http://ia.media-imdb.com/images/M/MV5BMTI1NDUzNDUzNF5BMl5BanBnXkFtZTcwMjkzNDMyMQ@@.jpg
Ingmar Bergman	 En lektion i kärlek	 1954	 7.2	 1626	 http://ia.media-imdb.com/images/M/MV5BODU2NzMyNTc2MF5BMl5BanBnXkFtZTcwNjEyNjEyMQ@@._V1._SX77_SY140_.jpg	 http://ia.media-imdb.com/images/M/MV5BODU2NzMyNTc2MF5BMl5BanBnXkFtZTcwNjEyNjEyMQ@@.jpg
Ingmar Bergman	 Gycklarnas afton	 1953	 7.7	 3903	 http://ia.media-imdb.com/images/M/MV5BMTIxMzk2MDkzN15BMl5BanBnXkFtZTcwMDg5NjE1MQ@@._V1._SX99_SY140_.jpg	 http://ia.media-imdb.com/images/M/MV5BMTIxMzk2MDkzN15BMl5BanBnXkFtZTcwMDg5NjE1MQ@@.jpg
Ingmar Bergman	 Sommaren med Monika	 1953	 7.6	 7084	 http://ia.media-imdb.com/images/M/MV5BMTA0NTg5MzYyNDFeQTJeQWpwZ15BbWU3MDA1NTQ4MTE@._V1._SX75_SY140_.jpg	 http://ia.media-imdb.com/images/M/MV5BMTA0NTg5MzYyNDFeQTJeQWpwZ15BbWU3MDA1NTQ4MTE@.jpg
Ingmar Bergman	 Kvinnors väntan	 1952	 7.1	 1359	 http://ia.media-imdb.com/images/M/MV5BMTQ3Mzg0Mzg3MV5BMl5BanBnXkFtZTcwNTA4MjIyMQ@@._V1._SX75_SY140_.jpg	 http://ia.media-imdb.com/images/M/MV5BMTQ3Mzg0Mzg3MV5BMl5BanBnXkFtZTcwNTA4MjIyMQ@@.jpg
Ingmar Bergman	 Sommarlek	 1951	 7.7	 2918	 http://ia.media-imdb.com/images/M/MV5BMTQ2NDgxMTQzMF5BMl5BanBnXkFtZTcwNDU0MDcxMQ@@._V1._SX76_SY140_.jpg	 http://ia.media-imdb.com/images/M/MV5BMTQ2NDgxMTQzMF5BMl5BanBnXkFtZTcwNDU0MDcxMQ@@.jpg
Ingmar Bergman	 Sånt händer inte här	 1950	 5.2	 191	 NA	 NA
Ingmar Bergman	 Till glädje	 1950	 7.4	 1486	 http://ia.media-imdb.com/images/M/MV5BMjAxMDg2OTExNl5BMl5BanBnXkFtZTcwMzUwNzE0MQ@@._V1._SX99_SY140_.jpg	 http://ia.media-imdb.com/images/M/MV5BMjAxMDg2OTExNl5BMl5BanBnXkFtZTcwMzUwNzE0MQ@@.jpg
Ingmar Bergman	 Törst	 1949	 6.8	 1307	 http://ia.media-imdb.com/images/M/MV5BMjAxMDg2OTExNl5BMl5BanBnXkFtZTcwMzUwNzE0MQ@@._V1._SX99_SY140_.jpg	 http://ia.media-imdb.com/images/M/MV5BMjAxMDg2OTExNl5BMl5BanBnXkFtZTcwMzUwNzE0MQ@@.jpg
Ingmar Bergman	 Fängelse	 1949	 7.0	 931	 NA	 NA
Ingmar Bergman	 Hamnstad	 1948	 6.8	 1272	 http://ia.media-imdb.com/images/M/MV5BMjAxMDg2OTExNl5BMl5BanBnXkFtZTcwMzUwNzE0MQ@@._V1._SX99_SY140_.jpg	 http://ia.media-imdb.com/images/M/MV5BMjAxMDg2OTExNl5BMl5BanBnXkFtZTcwMzUwNzE0MQ@@.jpg
Ingmar Bergman	 Musik i mörker	 1948	 6.6	 660	 NA	 NA
Ingmar Bergman	 Skepp till India land	 1947	 6.7	 588	 http://ia.media-imdb.com/images/M/MV5BMTk3OTEwNzg1MF5BMl5BanBnXkFtZTgwNTA3OTgwMzE@._V1._SX93_SY140_.jpg	 http://ia.media-imdb.com/images/M/MV5BMTk3OTEwNzg1MF5BMl5BanBnXkFtZTgwNTA3OTgwMzE@.jpg
Ingmar Bergman	 Det regnar på vår kärlek	 1946	 6.8	 731	 http://ia.media-imdb.com/images/M/MV5BMTQzODIwNzA3OF5BMl5BanBnXkFtZTgwNzM1OTgwMzE@._V1._SX93_SY140_.jpg	 http://ia.media-imdb.com/images/M/MV5BMTQzODIwNzA3OF5BMl5BanBnXkFtZTgwNzM1OTgwMzE@.jpg
Ingmar Bergman	 Kris	 1946	 6.6	 1301	 http://ia.media-imdb.com/images/M/MV5BMjAxMDg2OTExNl5BMl5BanBnXkFtZTcwMzUwNzE0MQ@@._V1._SX99_SY140_.jpg	 http://ia.media-imdb.com/images/M/MV5BMjAxMDg2OTExNl5BMl5BanBnXkFtZTcwMzUwNzE0MQ@@.jpg
Steven Spielberg	 Ready Player One	 2017	 NA	 NA	 NA	 NA
Steven Spielberg	 The BFG	 2016	 NA	 NA	 http://ia.media-imdb.com/images/M/MV5BMTc0OTEyMTEzMl5BMl5BanBnXkFtZTgwMzU2NTQ0NzE@._V1._SX100_SY126_.jpg	 http://ia.media-imdb.com/images/M/MV5BMTc0OTEyMTEzMl5BMl5BanBnXkFtZTgwMzU2NTQ0NzE@.jpg
Steven Spielberg	 Indiana Jones 5	 NA	 NA	 NA	 NA	 NA
Steven Spielberg	 It's What I Do	 NA	 NA	 NA	 NA	 NA
Steven Spielberg	 Montezuma	 NA	 NA	 NA	 NA	 NA
Steven Spielberg	 Bridge of Spies	 2015	 8.0	 33085	 http://ia.media-imdb.com/images/M/MV5BMjIxOTI0MjU5NV5BMl5BanBnXkFtZTgwNzM4OTk4NTE@._V1._SX94_SY140_.jpg	 http://ia.media-imdb.com/images/M/MV5BMjIxOTI0MjU5NV5BMl5BanBnXkFtZTgwNzM4OTk4NTE@.jpg
Steven Spielberg	 Lincoln	 2012	 7.4	 186502	 http://ia.media-imdb.com/images/M/MV5BMTQzNzczMDUyNV5BMl5BanBnXkFtZTcwNjM2ODEzOA@@._V1._SX95_SY140_.jpg	 http://ia.media-imdb.com/images/M/MV5BMTQzNzczMDUyNV5BMl5BanBnXkFtZTcwNjM2ODEzOA@@.jpg
Steven Spielberg	 War Horse	 2011	 7.2	 110129	 http://ia.media-imdb.com/images/M/MV5BMjExNzkxOTYyNl5BMl5BanBnXkFtZTcwODA0MjU4Ng@@._V1._SX95_SY140_.jpg	 http://ia.media-imdb.com/images/M/MV5BMjExNzkxOTYyNl5BMl5BanBnXkFtZTcwODA0MjU4Ng@@.jpg
Steven Spielberg	 The Adventures of Tintin	 2011	 7.4	 169053	 http://ia.media-imdb.com/images/M/MV5BNDE5MDExNTQ1OF5BMl5BanBnXkFtZTcwMDIxMTM5Ng@@._V1._SX94_SY140_.jpg	 http://ia.media-imdb.com/images/M/MV5BNDE5MDExNTQ1OF5BMl5BanBnXkFtZTcwMDIxMTM5Ng@@.jpg
Steven Spielberg	 Indiana Jones and the Kingdom of the Crystal Skull	 2008	 6.2	 313363	 http://ia.media-imdb.com/images/M/MV5BMTIxNDUxNzcyMl5BMl5BanBnXkFtZTcwNTgwOTI3MQ@@._V1._SX95_SY140_.jpg	 http://ia.media-imdb.com/images/M/MV5BMTIxNDUxNzcyMl5BMl5BanBnXkFtZTcwNTgwOTI3MQ@@.jpg
Steven Spielberg	 Munich	 2005	 7.6	 169951	 http://ia.media-imdb.com/images/M/MV5BMTcwNzYzMzMwMF5BMl5BanBnXkFtZTcwMzMzODczMQ@@._V1._SX94_SY140_.jpg	 http://ia.media-imdb.com/images/M/MV5BMTcwNzYzMzMwMF5BMl5BanBnXkFtZTcwMzMzODczMQ@@.jpg
Steven Spielberg	 War of the Worlds	 2005	 6.5	 316063	 http://ia.media-imdb.com/images/M/MV5BNDUyODAzNDI1Nl5BMl5BanBnXkFtZTcwMDA2NDAzMw@@._V1._SX95_SY140_.jpg	 http://ia.media-imdb.com/images/M/MV5BNDUyODAzNDI1Nl5BMl5BanBnXkFtZTcwMDA2NDAzMw@@.jpg
Steven Spielberg	 The Terminal	 2004	 7.3	 284353	 http://ia.media-imdb.com/images/M/MV5BMTM1MTIwNTMxOF5BMl5BanBnXkFtZTcwNjIxMjQyMw@@._V1._SX100_SY136_.jpg	 http://ia.media-imdb.com/images/M/MV5BMTM1MTIwNTMxOF5BMl5BanBnXkFtZTcwNjIxMjQyMw@@.jpg
Steven Spielberg	 Catch Me If You Can	 2002	 8.0	 454758	 http://ia.media-imdb.com/images/M/MV5BMTY5MzYzNjc5NV5BMl5BanBnXkFtZTYwNTUyNTc2._V1._SX94_SY140_.jpg	 http://ia.media-imdb.com/images/M/MV5BMTY5MzYzNjc5NV5BMl5BanBnXkFtZTYwNTUyNTc2.jpg
Steven Spielberg	 Minority Report	 2002	 7.7	 378372	 http://ia.media-imdb.com/images/M/MV5BMTc1NDI5NzQyNF5BMl5BanBnXkFtZTYwMjc4NTE5._V1._SX95_SY140_.jpg	 http://ia.media-imdb.com/images/M/MV5BMTc1NDI5NzQyNF5BMl5BanBnXkFtZTYwMjc4NTE5.jpg
Steven Spielberg	 Artificial Intelligence: AI	 2001	 7.1	 226911	 http://ia.media-imdb.com/images/M/MV5BMTMwNDI0NjU1NF5BMl5BanBnXkFtZTcwNTcwOTI3MQ@@._V1._SX95_SY140_.jpg	 http://ia.media-imdb.com/images/M/MV5BMTMwNDI0NjU1NF5BMl5BanBnXkFtZTcwNTcwOTI3MQ@@.jpg
Steven Spielberg	 Saving Private Ryan	 1998	 8.6	 810232	 http://ia.media-imdb.com/images/M/MV5BNjczODkxNTAxN15BMl5BanBnXkFtZTcwMTcwNjUxMw@@._V1._SX100_SY136_.jpg	 http://ia.media-imdb.com/images/M/MV5BNjczODkxNTAxN15BMl5BanBnXkFtZTcwMTcwNjUxMw@@.jpg
Steven Spielberg	 Amistad	 1997	 7.2	 53783	 http://ia.media-imdb.com/images/M/MV5BOTY4NzgzMTU0Nl5BMl5BanBnXkFtZTgwNDYxNjcxMTE@._V1._SX95_SY140_.jpg	 http://ia.media-imdb.com/images/M/MV5BOTY4NzgzMTU0Nl5BMl5BanBnXkFtZTgwNDYxNjcxMTE@.jpg
Steven Spielberg	 	 NA	 NA	 NA	 NA	 NA
Steven Spielberg	 Schindler's List	 1993	 8.9	 799088	 http://ia.media-imdb.com/images/M/MV5BMzMwMTM4MDU2N15BMl5BanBnXkFtZTgwMzQ0MjMxMDE@._V1._SX91_SY140_.jpg	 http://ia.media-imdb.com/images/M/MV5BMzMwMTM4MDU2N15BMl5BanBnXkFtZTgwMzQ0MjMxMDE@.jpg
Steven Spielberg	 Jurassic Park	 1993	 8.1	 553124	 http://ia.media-imdb.com/images/M/MV5BMjM2MDgxMDg0Nl5BMl5BanBnXkFtZTgwNTM2OTM5NDE@._V1._SX93_SY140_.jpg	 http://ia.media-imdb.com/images/M/MV5BMjM2MDgxMDg0Nl5BMl5BanBnXkFtZTgwNTM2OTM5NDE@.jpg
Steven Spielberg	 Hook	 1991	 6.7	 173261	 http://ia.media-imdb.com/images/M/MV5BMTU2MzYzOTQyMF5BMl5BanBnXkFtZTcwNDM2NDU2MQ@@._V1._SX95_SY140_.jpg	 http://ia.media-imdb.com/images/M/MV5BMTU2MzYzOTQyMF5BMl5BanBnXkFtZTcwNDM2NDU2MQ@@.jpg
Steven Spielberg	 Always	 1989	 6.4	 21218	 http://ia.media-imdb.com/images/M/MV5BMjAxMjM3NzI5Ml5BMl5BanBnXkFtZTcwNDQ1NTMyMQ@@._V1._SX93_SY140_.jpg	 http://ia.media-imdb.com/images/M/MV5BMjAxMjM3NzI5Ml5BMl5BanBnXkFtZTcwNDQ1NTMyMQ@@.jpg
Steven Spielberg	 Indiana Jones and the Last Crusade	 1989	 8.3	 475328	 http://ia.media-imdb.com/images/M/MV5BMTQxMTUyODg2OF5BMl5BanBnXkFtZTcwNDM2MjAxNA@@._V1._SX92_SY140_.jpg	 http://ia.media-imdb.com/images/M/MV5BMTQxMTUyODg2OF5BMl5BanBnXkFtZTcwNDM2MjAxNA@@.jpg
Steven Spielberg	 Empire of the Sun	 1987	 7.8	 85018	 http://ia.media-imdb.com/images/M/MV5BMTI1Nzk0MjI5Ml5BMl5BanBnXkFtZTYwMDc1NDc5._V1._SX96_SY140_.jpg	 http://ia.media-imdb.com/images/M/MV5BMTI1Nzk0MjI5Ml5BMl5BanBnXkFtZTYwMDc1NDc5.jpg
Steven Spielberg	 The Color Purple	 1985	 7.8	 57836	 http://ia.media-imdb.com/images/M/MV5BMTUzOTkxNjY4M15BMl5BanBnXkFtZTgwNjE5MDgxMTE@._V1._SX95_SY140_.jpg	 http://ia.media-imdb.com/images/M/MV5BMTUzOTkxNjY4M15BMl5BanBnXkFtZTgwNjE5MDgxMTE@.jpg
Steven Spielberg	 Indiana Jones and the Temple of Doom	 1984	 7.6	 303446	 http://ia.media-imdb.com/images/M/MV5BMTMyNzI4OTA5OV5BMl5BanBnXkFtZTcwMDQ2MjAxNA@@._V1._SX92_SY140_.jpg	 http://ia.media-imdb.com/images/M/MV5BMTMyNzI4OTA5OV5BMl5BanBnXkFtZTcwMDQ2MjAxNA@@.jpg
Steven Spielberg	 Twilight Zone: The Movie	 1983	 6.5	 24411	 http://ia.media-imdb.com/images/M/MV5BMTk5NjE2NTU2Nl5BMl5BanBnXkFtZTYwNzQ5OTQ5._V1._SX77_SY140_.jpg	 http://ia.media-imdb.com/images/M/MV5BMTk5NjE2NTU2Nl5BMl5BanBnXkFtZTYwNzQ5OTQ5.jpg
Steven Spielberg	 E.T. the Extra-Terrestrial	 1982	 7.9	 264634	 http://ia.media-imdb.com/images/M/MV5BMTc1NTQ0MTUyNF5BMl5BanBnXkFtZTcwMDYzMDU2Mw@@._V1._SX90_SY140_.jpg	 http://ia.media-imdb.com/images/M/MV5BMTc1NTQ0MTUyNF5BMl5BanBnXkFtZTcwMDYzMDU2Mw@@.jpg
Steven Spielberg	 Raiders of the Lost Ark	 1981	 8.5	 611613	 http://ia.media-imdb.com/images/M/MV5BMjA0ODEzMTc1Nl5BMl5BanBnXkFtZTcwODM2MjAxNA@@._V1._SX93_SY140_.jpg	 http://ia.media-imdb.com/images/M/MV5BMjA0ODEzMTc1Nl5BMl5BanBnXkFtZTcwODM2MjAxNA@@.jpg
Steven Spielberg	 1941	 1979	 5.9	 24108	 http://ia.media-imdb.com/images/M/MV5BMTc5NjU4ODE0NF5BMl5BanBnXkFtZTgwMDY3MDM0MDE@._V1._SX93_SY140_.jpg	 http://ia.media-imdb.com/images/M/MV5BMTc5NjU4ODE0NF5BMl5BanBnXkFtZTgwMDY3MDM0MDE@.jpg
Steven Spielberg	 Close Encounters of the Third Kind	 1977	 7.7	 131286	 http://ia.media-imdb.com/images/M/MV5BMjM1NjE5NjQxN15BMl5BanBnXkFtZTgwMjYzMzQxMDE@._V1._SX94_SY140_.jpg	 http://ia.media-imdb.com/images/M/MV5BMjM1NjE5NjQxN15BMl5BanBnXkFtZTgwMjYzMzQxMDE@.jpg
Steven Spielberg	 Jaws	 1975	 8.1	 381599	 http://ia.media-imdb.com/images/M/MV5BNDcxODkyMjY4MF5BMl5BanBnXkFtZTgwOTk5NTc5MDE@._V1._SX93_SY140_.jpg	 http://ia.media-imdb.com/images/M/MV5BNDcxODkyMjY4MF5BMl5BanBnXkFtZTgwOTk5NTc5MDE@.jpg
Steven Spielberg	 The Sugarland Express	 1974	 6.8	 10405	 http://ia.media-imdb.com/images/M/MV5BOTgzNjUxMjE3MF5BMl5BanBnXkFtZTcwNDkyOTUyMQ@@._V1._SX98_SY140_.jpg	 http://ia.media-imdb.com/images/M/MV5BOTgzNjUxMjE3MF5BMl5BanBnXkFtZTcwNDkyOTUyMQ@@.jpg
Steven Spielberg	 Firelight	 1964	 6.1	 230	 NA	 NA
Billy Wilder	 Buddy Buddy	 1981	 6.6	 3150	 http://ia.media-imdb.com/images/M/MV5BMTk1ODcxNjY2OV5BMl5BanBnXkFtZTgwMjA1MjEyMDE@._V1._SX94_SY140_.jpg	 http://ia.media-imdb.com/images/M/MV5BMTk1ODcxNjY2OV5BMl5BanBnXkFtZTgwMjA1MjEyMDE@.jpg
Billy Wilder	 Fedora	 1978	 6.9	 2199	 http://ia.media-imdb.com/images/M/MV5BMjM4NTk2MDc0NV5BMl5BanBnXkFtZTgwODI1NzIwMjE@._V1._SX92_SY140_.jpg	 http://ia.media-imdb.com/images/M/MV5BMjM4NTk2MDc0NV5BMl5BanBnXkFtZTgwODI1NzIwMjE@.jpg
Billy Wilder	 The Front Page	 1974	 7.3	 8508	 http://ia.media-imdb.com/images/M/MV5BNTA1NTIyMzM4OF5BMl5BanBnXkFtZTcwNDgxODgyMQ@@._V1._SX98_SY140_.jpg	 http://ia.media-imdb.com/images/M/MV5BNTA1NTIyMzM4OF5BMl5BanBnXkFtZTcwNDgxODgyMQ@@.jpg
Billy Wilder	 Avanti!	 1972	 7.2	 6689	 http://ia.media-imdb.com/images/M/MV5BMTQ3Mjc1MzUxM15BMl5BanBnXkFtZTgwMjAyODgxMTE@._V1._SX95_SY140_.jpg	 http://ia.media-imdb.com/images/M/MV5BMTQ3Mjc1MzUxM15BMl5BanBnXkFtZTgwMjAyODgxMTE@.jpg
Billy Wilder	 The Private Life of Sherlock Holmes	 1970	 7.2	 7330	 http://ia.media-imdb.com/images/M/MV5BMTc5NTE3MDMyMV5BMl5BanBnXkFtZTcwNjQxMTM4NA@@._V1._SX93_SY140_.jpg	 http://ia.media-imdb.com/images/M/MV5BMTc5NTE3MDMyMV5BMl5BanBnXkFtZTcwNjQxMTM4NA@@.jpg
Billy Wilder	 The Fortune Cookie	 1966	 7.4	 8727	 http://ia.media-imdb.com/images/M/MV5BMTYwODI0MTI4OV5BMl5BanBnXkFtZTgwNzQzNjIzMTE@._V1._SX96_SY140_.jpg	 http://ia.media-imdb.com/images/M/MV5BMTYwODI0MTI4OV5BMl5BanBnXkFtZTgwNzQzNjIzMTE@.jpg
Billy Wilder	 Kiss Me, Stupid	 1964	 7.1	 4906	 http://ia.media-imdb.com/images/M/MV5BMjEwMzQ0NTc4MF5BMl5BanBnXkFtZTcwMDgzNzA2NA@@._V1._SX93_SY140_.jpg	 http://ia.media-imdb.com/images/M/MV5BMjEwMzQ0NTc4MF5BMl5BanBnXkFtZTcwMDgzNzA2NA@@.jpg
Billy Wilder	 Irma la Douce	 1963	 7.4	 12216	 http://ia.media-imdb.com/images/M/MV5BMjE0MTgxNTgwMV5BMl5BanBnXkFtZTcwNzE1OTMyMQ@@._V1._SX95_SY140_.jpg	 http://ia.media-imdb.com/images/M/MV5BMjE0MTgxNTgwMV5BMl5BanBnXkFtZTcwNzE1OTMyMQ@@.jpg
Billy Wilder	 One, Two, Three	 1961	 8.0	 13875	 http://ia.media-imdb.com/images/M/MV5BMjE1NzgxMDU2MV5BMl5BanBnXkFtZTcwOTQ5MDQ2NA@@._V1._SX93_SY140_.jpg	 http://ia.media-imdb.com/images/M/MV5BMjE1NzgxMDU2MV5BMl5BanBnXkFtZTcwOTQ5MDQ2NA@@.jpg
Billy Wilder	 The Apartment	 1960	 8.3	 100603	 http://ia.media-imdb.com/images/M/MV5BMTM1OTc4MzgzNl5BMl5BanBnXkFtZTcwNTE2NjgyMw@@._V1._SX84_SY140_.jpg	 http://ia.media-imdb.com/images/M/MV5BMTM1OTc4MzgzNl5BMl5BanBnXkFtZTcwNTE2NjgyMw@@.jpg
Billy Wilder	 Some Like It Hot	 1959	 8.3	 163243	 http://ia.media-imdb.com/images/M/MV5BNzYzMDkzNDQ0N15BMl5BanBnXkFtZTcwNzQ0NDQyNA@@._V1._SX93_SY140_.jpg	 http://ia.media-imdb.com/images/M/MV5BNzYzMDkzNDQ0N15BMl5BanBnXkFtZTcwNzQ0NDQyNA@@.jpg
Billy Wilder	 Witness for the Prosecution	 1957	 8.4	 56700	 http://ia.media-imdb.com/images/M/MV5BMTc0MjgyNTUyNF5BMl5BanBnXkFtZTcwNDQzMDg0Nw@@._V1._SX93_SY140_.jpg	 http://ia.media-imdb.com/images/M/MV5BMTc0MjgyNTUyNF5BMl5BanBnXkFtZTcwNDQzMDg0Nw@@.jpg
Billy Wilder	 Love in the Afternoon	 1957	 7.3	 9545	 http://ia.media-imdb.com/images/M/MV5BMTM0Njc1NTYxM15BMl5BanBnXkFtZTcwMjg5ODM1Mw@@._V1._SX91_SY140_.jpg	 http://ia.media-imdb.com/images/M/MV5BMTM0Njc1NTYxM15BMl5BanBnXkFtZTcwMjg5ODM1Mw@@.jpg
Billy Wilder	 The Spirit of St. Louis	 1957	 7.2	 5289	 http://ia.media-imdb.com/images/M/MV5BMTk5Mzc3NzMxM15BMl5BanBnXkFtZTgwNTk1NDgyMTE@._V1._SX95_SY140_.jpg	 http://ia.media-imdb.com/images/M/MV5BMTk5Mzc3NzMxM15BMl5BanBnXkFtZTgwNTk1NDgyMTE@.jpg
Billy Wilder	 The Seven Year Itch	 1955	 7.2	 23773	 http://ia.media-imdb.com/images/M/MV5BMjM1NDA3MTA1MV5BMl5BanBnXkFtZTgwNDU1NzMxMTE@._V1._SX95_SY140_.jpg	 http://ia.media-imdb.com/images/M/MV5BMjM1NDA3MTA1MV5BMl5BanBnXkFtZTgwNDU1NzMxMTE@.jpg
Billy Wilder	 Sabrina	 1954	 7.7	 41625	 http://ia.media-imdb.com/images/M/MV5BMjIyMDAxMTExMV5BMl5BanBnXkFtZTgwOTc0ODEzMDE@._V1._CR67,63,1255,1917._SX92_SY140_.jpg	 http://ia.media-imdb.com/images/M/MV5BMjIyMDAxMTExMV5BMl5BanBnXkFtZTgwOTc0ODEzMDE@._V1._CR67,63,1255,1917._SX92_SY140_.jpg
Billy Wilder	 Stalag 17	 1953	 8.1	 41960	 http://ia.media-imdb.com/images/M/MV5BMjE2NjIzMjI3Nl5BMl5BanBnXkFtZTgwNDE5MjU3MzE@._V1._SX92_SY140_.jpg	 http://ia.media-imdb.com/images/M/MV5BMjE2NjIzMjI3Nl5BMl5BanBnXkFtZTgwNDE5MjU3MzE@.jpg
Billy Wilder	 Ace in the Hole	 1951	 8.2	 17956	 http://ia.media-imdb.com/images/M/MV5BMTIwNjYzMTc0M15BMl5BanBnXkFtZTcwMzM2Njc0MQ@@._V1._SX99_SY140_.jpg	 http://ia.media-imdb.com/images/M/MV5BMTIwNjYzMTc0M15BMl5BanBnXkFtZTcwMzM2Njc0MQ@@.jpg
Billy Wilder	 Sunset Blvd.	 1950	 8.5	 129604	 http://ia.media-imdb.com/images/M/MV5BMTc3NDYzODAwNV5BMl5BanBnXkFtZTgwODg1MTczMTE@._V1._SX93_SY140_.jpg	 http://ia.media-imdb.com/images/M/MV5BMTc3NDYzODAwNV5BMl5BanBnXkFtZTgwODg1MTczMTE@.jpg
Billy Wilder	 A Foreign Affair	 1948	 7.5	 4262	 http://ia.media-imdb.com/images/M/MV5BOTAwMDQ2NDk5NV5BMl5BanBnXkFtZTgwNzYxODgxMTE@._V1._SX92_SY140_.jpg	 http://ia.media-imdb.com/images/M/MV5BOTAwMDQ2NDk5NV5BMl5BanBnXkFtZTgwNzYxODgxMTE@.jpg
Billy Wilder	 The Emperor Waltz	 1948	 6.2	 991	 http://ia.media-imdb.com/images/M/MV5BMTgxODcyOTc3MF5BMl5BanBnXkFtZTcwNjMwOTUxMQ@@._V1._SX78_SY140_.jpg	 http://ia.media-imdb.com/images/M/MV5BMTgxODcyOTc3MF5BMl5BanBnXkFtZTcwNjMwOTUxMQ@@.jpg
Billy Wilder	 The Lost Weekend	 1945	 8.0	 23455	 http://ia.media-imdb.com/images/M/MV5BMTk4NDQ0NjgyNF5BMl5BanBnXkFtZTgwMTE3NTkxMTE@._V1._SX94_SY140_.jpg	 http://ia.media-imdb.com/images/M/MV5BMTk4NDQ0NjgyNF5BMl5BanBnXkFtZTgwMTE3NTkxMTE@.jpg
Billy Wilder	 Double Indemnity	 1944	 8.4	 90569	 http://ia.media-imdb.com/images/M/MV5BMTQzOTE4MTIzMV5BMl5BanBnXkFtZTgwODc1NDQ5MDE@._V1._SX92_SY140_.jpg	 http://ia.media-imdb.com/images/M/MV5BMTQzOTE4MTIzMV5BMl5BanBnXkFtZTgwODc1NDQ5MDE@.jpg
Billy Wilder	 Five Graves to Cairo	 1943	 7.5	 3269	 http://ia.media-imdb.com/images/M/MV5BMTQxNDcyNTE5Ml5BMl5BanBnXkFtZTgwNTYxODgxMTE@._V1._SX94_SY140_.jpg	 http://ia.media-imdb.com/images/M/MV5BMTQxNDcyNTE5Ml5BMl5BanBnXkFtZTgwNTYxODgxMTE@.jpg
Billy Wilder	 The Major and the Minor	 1942	 7.6	 4050	 http://ia.media-imdb.com/images/M/MV5BMTYxNjU2NTc3OV5BMl5BanBnXkFtZTgwMTYwODgxMTE@._V1._SX94_SY140_.jpg	 http://ia.media-imdb.com/images/M/MV5BMTYxNjU2NTc3OV5BMl5BanBnXkFtZTgwMTYwODgxMTE@.jpg
Billy Wilder	 Mauvaise graine	 1934	 6.3	 414	 http://ia.media-imdb.com/images/M/MV5BMTIwNTcwOTcwMF5BMl5BanBnXkFtZTYwNzk5OTc5._V1._SX99_SY140_.jpg	 http://ia.media-imdb.com/images/M/MV5BMTIwNTcwOTcwMF5BMl5BanBnXkFtZTYwNzk5OTc5.jpg
Christopher Nolan	 Untitled Christopher Nolan Project	 2017	 NA	 NA	 NA	 NA
Christopher Nolan	 Interstellar	 2014	 8.6	 784998	 http://ia.media-imdb.com/images/M/MV5BMjIxNTU4MzY4MF5BMl5BanBnXkFtZTgwMzM4ODI3MjE@._V1._SX90_SY140_.jpg	 http://ia.media-imdb.com/images/M/MV5BMjIxNTU4MzY4MF5BMl5BanBnXkFtZTgwMzM4ODI3MjE@.jpg
Christopher Nolan	 The Dark Knight Rises	 2012	 8.5	 1047560	 http://ia.media-imdb.com/images/M/MV5BMTk4ODQzNDY3Ml5BMl5BanBnXkFtZTcwODA0NTM4Nw@@._V1._SX94_SY140_.jpg	 http://ia.media-imdb.com/images/M/MV5BMTk4ODQzNDY3Ml5BMl5BanBnXkFtZTcwODA0NTM4Nw@@.jpg
Christopher Nolan	 Inception	 2010	 8.8	 1343012	 http://ia.media-imdb.com/images/M/MV5BMjAxMzY3NjcxNF5BMl5BanBnXkFtZTcwNTI5OTM0Mw@@._V1._SX95_SY140_.jpg	 http://ia.media-imdb.com/images/M/MV5BMjAxMzY3NjcxNF5BMl5BanBnXkFtZTcwNTI5OTM0Mw@@.jpg
Christopher Nolan	 The Dark Knight	 2008	 9.0	 1543493	 http://ia.media-imdb.com/images/M/MV5BMTMxNTMwODM0NF5BMl5BanBnXkFtZTcwODAyMTk2Mw@@._V1._SX95_SY140_.jpg	 http://ia.media-imdb.com/images/M/MV5BMTMxNTMwODM0NF5BMl5BanBnXkFtZTcwODAyMTk2Mw@@.jpg
Christopher Nolan	 The Prestige	 2006	 8.5	 772541	 http://ia.media-imdb.com/images/M/MV5BMjA4NDI0MTIxNF5BMl5BanBnXkFtZTYwNTM0MzY2._V1._SX94_SY140_.jpg	 http://ia.media-imdb.com/images/M/MV5BMjA4NDI0MTIxNF5BMl5BanBnXkFtZTYwNTM0MzY2.jpg
Christopher Nolan	 Batman Begins	 2005	 8.3	 895158	 http://ia.media-imdb.com/images/M/MV5BNTM3OTc0MzM2OV5BMl5BanBnXkFtZTYwNzUwMTI3._V1._SX94_SY140_.jpg	 http://ia.media-imdb.com/images/M/MV5BNTM3OTc0MzM2OV5BMl5BanBnXkFtZTYwNzUwMTI3.jpg
Christopher Nolan	 Insomnia	 2002	 7.2	 207780	 http://ia.media-imdb.com/images/M/MV5BMTM5Nzk2NDY3MF5BMl5BanBnXkFtZTgwMzI5MDgxMTE@._V1._SX93_SY140_.jpg	 http://ia.media-imdb.com/images/M/MV5BMTM5Nzk2NDY3MF5BMl5BanBnXkFtZTgwMzI5MDgxMTE@.jpg
Christopher Nolan	 Memento	 2000	 8.5	 786672	 http://ia.media-imdb.com/images/M/MV5BMTc4MjUxNDAwN15BMl5BanBnXkFtZTcwMDMwNDg3OA@@._V1._SX100_SY133_.jpg	 http://ia.media-imdb.com/images/M/MV5BMTc4MjUxNDAwN15BMl5BanBnXkFtZTcwMDMwNDg3OA@@.jpg
Christopher Nolan	 Following	 1998	 7.6	 62076	 http://ia.media-imdb.com/images/M/MV5BMjExMzE1NzA5N15BMl5BanBnXkFtZTYwNzA5ODI5._V1._SX99_SY140_.jpg	 http://ia.media-imdb.com/images/M/MV5BMjExMzE1NzA5N15BMl5BanBnXkFtZTYwNzA5ODI5.jpg
Stanley Kubrick	 Eyes Wide Shut	 1999	 7.3	 214600	 http://ia.media-imdb.com/images/M/MV5BMjA5NTUwNjI1N15BMl5BanBnXkFtZTYwOTE1ODc5._V1._SX94_SY140_.jpg	 http://ia.media-imdb.com/images/M/MV5BMjA5NTUwNjI1N15BMl5BanBnXkFtZTYwOTE1ODc5.jpg
Stanley Kubrick	 Full Metal Jacket	 1987	 8.3	 446378	 http://ia.media-imdb.com/images/M/MV5BMjA4NzY4ODk4Nl5BMl5BanBnXkFtZTgwOTcxNTYxMTE@._V1._SX93_SY140_.jpg	 http://ia.media-imdb.com/images/M/MV5BMjA4NzY4ODk4Nl5BMl5BanBnXkFtZTgwOTcxNTYxMTE@.jpg
Stanley Kubrick	 The Shining	 1980	 8.4	 559904	 http://ia.media-imdb.com/images/M/MV5BODMxMjE3NTA4Ml5BMl5BanBnXkFtZTgwNDc0NTIxMDE@._V1._SX96_SY140_.jpg	 http://ia.media-imdb.com/images/M/MV5BODMxMjE3NTA4Ml5BMl5BanBnXkFtZTgwNDc0NTIxMDE@.jpg
Stanley Kubrick	 Barry Lyndon	 1975	 8.1	 93890	 http://ia.media-imdb.com/images/M/MV5BMTczNzkyMjQ4N15BMl5BanBnXkFtZTcwOTQ2NjU4Mw@@._V1._SX93_SY140_.jpg	 http://ia.media-imdb.com/images/M/MV5BMTczNzkyMjQ4N15BMl5BanBnXkFtZTcwOTQ2NjU4Mw@@.jpg
Stanley Kubrick	 A Clockwork Orange	 1971	 8.4	 514738	 http://ia.media-imdb.com/images/M/MV5BMTY3MjM1Mzc4N15BMl5BanBnXkFtZTgwODM0NzAxMDE@._V1._SX95_SY140_.jpg	 http://ia.media-imdb.com/images/M/MV5BMTY3MjM1Mzc4N15BMl5BanBnXkFtZTgwODM0NzAxMDE@.jpg
Stanley Kubrick	 2001: A Space Odyssey	 1968	 8.3	 392742	 http://ia.media-imdb.com/images/M/MV5BNDYyMDgxNDQ5Nl5BMl5BanBnXkFtZTcwMjc1ODg3OA@@._V1._SX100_SY133_.jpg	 http://ia.media-imdb.com/images/M/MV5BNDYyMDgxNDQ5Nl5BMl5BanBnXkFtZTcwMjc1ODg3OA@@.jpg
Stanley Kubrick	 Dr. Strangelove or: How I Learned to Stop Worrying and Love the Bomb	 1964	 8.5	 320657	 http://ia.media-imdb.com/images/M/MV5BMTU2ODM2NTkxNF5BMl5BanBnXkFtZTcwOTMwMzU3Mg@@._V1._SX94_SY140_.jpg	 http://ia.media-imdb.com/images/M/MV5BMTU2ODM2NTkxNF5BMl5BanBnXkFtZTcwOTMwMzU3Mg@@.jpg
Stanley Kubrick	 Lolita	 1962	 7.7	 63545	 http://ia.media-imdb.com/images/M/MV5BMTY3NDYzNDI5NF5BMl5BanBnXkFtZTcwODU2OTY1Mw@@._V1._SX90_SY140_.jpg	 http://ia.media-imdb.com/images/M/MV5BMTY3NDYzNDI5NF5BMl5BanBnXkFtZTcwODU2OTY1Mw@@.jpg
Stanley Kubrick	 Spartacus	 1960	 8.0	 93303	 http://ia.media-imdb.com/images/M/MV5BMTAzNDcwODQ1MjJeQTJeQWpwZ15BbWU4MDY3NTAzMTAx._V1._SX97_SY140_.jpg	 http://ia.media-imdb.com/images/M/MV5BMTAzNDcwODQ1MjJeQTJeQWpwZ15BbWU4MDY3NTAzMTAx.jpg
Stanley Kubrick	 Paths of Glory	 1957	 8.5	 111246	 http://ia.media-imdb.com/images/M/MV5BMTUxNTcxMjI5NV5BMl5BanBnXkFtZTcwNTcyNjI3Mw@@._V1._CR17,1,331,497._SX93_SY140_.jpg	 http://ia.media-imdb.com/images/M/MV5BMTUxNTcxMjI5NV5BMl5BanBnXkFtZTcwNTcyNjI3Mw@@._V1._CR17,1,331,497._SX93_SY140_.jpg
Stanley Kubrick	 The Killing	 1956	 8.1	 59016	 http://ia.media-imdb.com/images/M/MV5BMTg1NjEwOTI0Nl5BMl5BanBnXkFtZTcwODQ2MjM2NQ@@._V1._CR8,22,317,462._SX96_SY140_.jpg	 http://ia.media-imdb.com/images/M/MV5BMTg1NjEwOTI0Nl5BMl5BanBnXkFtZTcwODQ2MjM2NQ@@._V1._CR8,22,317,462._SX96_SY140_.jpg
Stanley Kubrick	 Killer's Kiss	 1955	 6.7	 14910	 http://ia.media-imdb.com/images/M/MV5BNDAyNjM5NzQ0OF5BMl5BanBnXkFtZTcwMjEwMjMyMQ@@._V1._CR14,72,303,402._SX100_SY133_.jpg	 http://ia.media-imdb.com/images/M/MV5BNDAyNjM5NzQ0OF5BMl5BanBnXkFtZTcwMjEwMjMyMQ@@._V1._CR14,72,303,402._SX100_SY133_.jpg
Stanley Kubrick	 Fear and Desire	 1953	 5.7	 4662	 http://ia.media-imdb.com/images/M/MV5BMjIwMDMyMTEwMV5BMl5BanBnXkFtZTcwNDgxNzQzOA@@._V1._SX99_SY140_.jpg	 http://ia.media-imdb.com/images/M/MV5BMjIwMDMyMTEwMV5BMl5BanBnXkFtZTcwNDgxNzQzOA@@.jpg
Martin Scorsese	 Silence	 2016	 NA	 NA	 http://ia.media-imdb.com/images/M/MV5BMTUzODg5MjI2M15BMl5BanBnXkFtZTgwMzQyNjcyNzE@._V1._SX100_SY63_.jpg	 http://ia.media-imdb.com/images/M/MV5BMTUzODg5MjI2M15BMl5BanBnXkFtZTgwMzQyNjcyNzE@.jpg
Martin Scorsese	 Sinatra	 NA	 NA	 NA	 NA	 NA
Martin Scorsese	 The Wolf of Wall Street	 2013	 8.2	 679247	 http://ia.media-imdb.com/images/M/MV5BMjIxMjgxNTk0MF5BMl5BanBnXkFtZTgwNjIyOTg2MDE@._V1._SX94_SY140_.jpg	 http://ia.media-imdb.com/images/M/MV5BMjIxMjgxNTk0MF5BMl5BanBnXkFtZTgwNjIyOTg2MDE@.jpg
Martin Scorsese	 Hugo	 2011	 7.6	 232295	 http://ia.media-imdb.com/images/M/MV5BMjAzNzk5MzgyNF5BMl5BanBnXkFtZTcwOTE4NDU5Ng@@._V1._SX94_SY140_.jpg	 http://ia.media-imdb.com/images/M/MV5BMjAzNzk5MzgyNF5BMl5BanBnXkFtZTcwOTE4NDU5Ng@@.jpg
Martin Scorsese	 Shutter Island	 2010	 8.1	 710796	 http://ia.media-imdb.com/images/M/MV5BMTMxMTIyNzMxMV5BMl5BanBnXkFtZTcwOTc4OTI3Mg@@._V1._SX93_SY140_.jpg	 http://ia.media-imdb.com/images/M/MV5BMTMxMTIyNzMxMV5BMl5BanBnXkFtZTcwOTc4OTI3Mg@@.jpg
Martin Scorsese	 The Departed	 2006	 8.5	 803023	 http://ia.media-imdb.com/images/M/MV5BMTI1MTY2OTIxNV5BMl5BanBnXkFtZTYwNjQ4NjY3._V1._SX95_SY140_.jpg	 http://ia.media-imdb.com/images/M/MV5BMTI1MTY2OTIxNV5BMl5BanBnXkFtZTYwNjQ4NjY3.jpg
Martin Scorsese	 The Aviator	 2004	 7.5	 245907	 http://ia.media-imdb.com/images/M/MV5BMTUxMjQ5NzgyOF5BMl5BanBnXkFtZTcwNDg0ODYyMQ@@._V1._SX95_SY140_.jpg	 http://ia.media-imdb.com/images/M/MV5BMTUxMjQ5NzgyOF5BMl5BanBnXkFtZTcwNDg0ODYyMQ@@.jpg
Martin Scorsese	 Gangs of New York	 2002	 7.5	 294289	 http://ia.media-imdb.com/images/M/MV5BMTI4NTM0Mzg2NV5BMl5BanBnXkFtZTcwNjQxMDAwMQ@@._V1._SX95_SY140_.jpg	 http://ia.media-imdb.com/images/M/MV5BMTI4NTM0Mzg2NV5BMl5BanBnXkFtZTcwNjQxMDAwMQ@@.jpg
Martin Scorsese	 Bringing Out the Dead	 1999	 6.8	 51469	 http://ia.media-imdb.com/images/M/MV5BMTQ4MjgzMDc1Nl5BMl5BanBnXkFtZTYwOTc5ODk4._V1._SX100_SY139_.jpg	 http://ia.media-imdb.com/images/M/MV5BMTQ4MjgzMDc1Nl5BMl5BanBnXkFtZTYwOTc5ODk4.jpg
Martin Scorsese	 Kundun	 1997	 7.0	 20982	 http://ia.media-imdb.com/images/M/MV5BMTg2NjM1MTI2Nl5BMl5BanBnXkFtZTgwMjA2MjgxMTE@._V1._SX89_SY140_.jpg	 http://ia.media-imdb.com/images/M/MV5BMTg2NjM1MTI2Nl5BMl5BanBnXkFtZTgwMjA2MjgxMTE@.jpg
Martin Scorsese	 Casino	 1995	 8.2	 308590	 http://ia.media-imdb.com/images/M/MV5BMTMzMjkwMTk4Nl5BMl5BanBnXkFtZTYwNjYxMjk5._V1._SX91_SY140_.jpg	 http://ia.media-imdb.com/images/M/MV5BMTMzMjkwMTk4Nl5BMl5BanBnXkFtZTYwNjYxMjk5.jpg
Martin Scorsese	 The Age of Innocence	 1993	 7.2	 34519	 http://ia.media-imdb.com/images/M/MV5BMTQ5NTQ4NjkyMF5BMl5BanBnXkFtZTYwNzM5MDg4._V1._SX96_SY140_.jpg	 http://ia.media-imdb.com/images/M/MV5BMTQ5NTQ4NjkyMF5BMl5BanBnXkFtZTYwNzM5MDg4.jpg
Martin Scorsese	 Cape Fear	 1991	 7.3	 120214	 http://ia.media-imdb.com/images/M/MV5BMjE0NDE2MDI2MF5BMl5BanBnXkFtZTgwOTU2Mzk5MDE@._V1._SX94_SY140_.jpg	 http://ia.media-imdb.com/images/M/MV5BMjE0NDE2MDI2MF5BMl5BanBnXkFtZTgwOTU2Mzk5MDE@.jpg
Martin Scorsese	 Goodfellas	 1990	 8.7	 675361	 http://ia.media-imdb.com/images/M/MV5BMTY2OTE5MzQ3MV5BMl5BanBnXkFtZTgwMTY2NTYxMTE@._V1._SX94_SY140_.jpg	 http://ia.media-imdb.com/images/M/MV5BMTY2OTE5MzQ3MV5BMl5BanBnXkFtZTgwMTY2NTYxMTE@.jpg
Martin Scorsese	 New York Stories	 1989	 6.4	 13129	 http://ia.media-imdb.com/images/M/MV5BMTcxMjYwMzQ1Ml5BMl5BanBnXkFtZTYwNDEyNjk5._V1._SX99_SY140_.jpg	 http://ia.media-imdb.com/images/M/MV5BMTcxMjYwMzQ1Ml5BMl5BanBnXkFtZTYwNDEyNjk5.jpg
Martin Scorsese	 The Last Temptation of Christ	 1988	 7.6	 37837	 http://ia.media-imdb.com/images/M/MV5BNzA1NDYzNjA4MF5BMl5BanBnXkFtZTYwOTYzMDg4._V1._SX100_SY140_.jpg	 http://ia.media-imdb.com/images/M/MV5BNzA1NDYzNjA4MF5BMl5BanBnXkFtZTYwOTYzMDg4.jpg
Martin Scorsese	 The Color of Money	 1986	 7.0	 55239	 http://ia.media-imdb.com/images/M/MV5BMjE3MDk5NjEyMl5BMl5BanBnXkFtZTcwMTYyMjA0Mg@@._V1._SX94_SY140_.jpg	 http://ia.media-imdb.com/images/M/MV5BMjE3MDk5NjEyMl5BMl5BanBnXkFtZTcwMTYyMjA0Mg@@.jpg
Martin Scorsese	 After Hours	 1985	 7.7	 37058	 http://ia.media-imdb.com/images/M/MV5BMTUxMjEzMzI2MV5BMl5BanBnXkFtZTgwNTU3ODAxMDE@._V1._SX94_SY140_.jpg	 http://ia.media-imdb.com/images/M/MV5BMTUxMjEzMzI2MV5BMl5BanBnXkFtZTgwNTU3ODAxMDE@.jpg
Martin Scorsese	 The King of Comedy	 1982	 7.8	 48400	 http://ia.media-imdb.com/images/M/MV5BMTM3NzIzNDQyM15BMl5B
